,City,Lat,Lng,Max Temp,Humidity,Cloudiness,Wind Speed,Country,Date
0,rikitea,-23.12,-134.97,74.59,82,94,9.86,PF,1603946015
1,qaanaaq,77.48,-69.36,7.7,72,2,8.99,GL,1603946015
2,punta arenas,-53.15,-70.92,46.4,65,40,28.86,CL,1603946015
3,port alfred,-33.59,26.89,67.26,83,98,12.06,ZA,1603946015
4,grindavik,63.84,-22.43,44.6,56,90,26.4,IS,1603945939
5,upernavik,72.79,-56.15,15.3,85,99,10.78,GL,1603945880
6,albany,42.6,-73.97,46.0,100,97,4.41,US,1603945622
7,yatou,37.15,122.38,61.14,32,89,10.33,CN,1603946015
8,mataura,-46.19,168.86,66.0,64,33,4.0,NZ,1603945868
9,castro,-24.79,-50.01,59.36,51,5,0.89,BR,1603945881
10,cayenne,4.93,-52.33,78.8,94,0,9.82,GF,1603945806
11,hermanus,-34.42,19.23,57.0,87,99,5.99,ZA,1603945987
12,amapa,1.0,-52.0,72.01,98,43,2.1,BR,1603946016
13,tukrah,32.53,20.58,66.94,58,3,11.52,LY,1603946016
14,chuy,-33.7,-53.46,56.3,76,58,12.66,UY,1603945718
15,presidencia roque saenz pena,-26.79,-60.44,69.01,50,90,5.99,AR,1603946016
16,cherskiy,68.75,161.3,3.56,93,59,2.82,RU,1603946016
17,marzuq,14.4,46.47,69.35,23,0,2.8,YE,1603946016
18,ushuaia,-54.8,-68.3,42.8,87,90,27.51,AR,1603946016
19,severo-yeniseyskiy,60.37,93.04,16.09,96,100,11.77,RU,1603946016
20,nome,64.5,-165.41,26.01,79,1,0.89,US,1603946016
21,mantua,45.17,10.78,48.0,96,97,1.99,IT,1603946016
22,busselton,-33.65,115.33,79.0,30,0,1.59,AU,1603945826
23,broken hill,-31.95,141.43,77.0,25,46,11.41,AU,1603945825
24,beloha,-25.17,45.05,76.15,61,9,18.92,MG,1603946017
25,benin,9.5,2.25,70.79,59,6,2.62,BJ,1603946017
26,yellowknife,62.46,-114.35,21.2,85,90,11.41,CA,1603945729
27,srednekolymsk,67.45,153.68,8.42,94,60,5.86,RU,1603945665
28,bluff,-46.6,168.33,66.0,64,38,4.0,NZ,1603945861
29,kapaa,22.08,-159.32,75.2,83,90,5.82,US,1603945832
30,atuona,-9.8,-139.03,78.03,72,4,14.47,PF,1603945889
31,yamada,39.47,141.95,57.97,48,11,11.16,JP,1603946017
32,vaini,-21.2,-175.2,75.2,73,40,10.29,TO,1603945878
33,armacao de pera,37.1,-8.36,60.8,93,0,6.93,PT,1603946017
34,avera,33.19,-82.53,75.2,91,90,8.05,US,1603945916
35,haldia,22.06,88.11,84.02,57,0,9.75,IN,1603946018
36,georgetown,5.41,100.34,86.0,79,20,4.7,MY,1603945716
37,walvis bay,-22.96,14.51,57.0,93,54,8.05,NA,1603946018
38,nauta,-4.51,-73.58,77.4,88,66,4.14,PE,1603946018
39,aranos,-24.13,19.12,70.77,40,92,12.55,NA,1603946018
40,hilo,19.73,-155.09,80.6,74,90,2.64,US,1603946012
41,sao jose da coroa grande,-8.9,-35.15,74.91,83,98,6.26,BR,1603945948
42,avarua,-21.21,-159.78,73.4,83,31,8.05,CK,1603945915
43,tasiilaq,65.61,-37.64,35.6,34,100,20.8,GL,1603945919
44,thompson,55.74,-97.86,-2.2,84,5,2.24,CA,1603945888
45,kirakira,-10.45,161.92,81.95,80,98,7.61,SB,1603946020
46,butaritari,3.07,172.79,81.63,73,69,1.9,KI,1603945981
47,mingshui,36.72,117.5,64.0,56,100,2.1,CN,1603946020
48,tiksi,71.69,128.87,1.42,90,98,14.38,RU,1603945602
49,coari,-4.08,-63.14,74.8,95,99,2.46,BR,1603945796
50,marau,-28.45,-52.2,53.92,76,20,0.72,BR,1603946021
51,malinovoye ozero,51.68,79.78,31.03,91,38,11.88,RU,1603946021
52,narsaq,60.92,-46.05,30.2,80,100,1.12,GL,1603945922
53,vao,-22.67,167.48,73.0,77,0,16.98,NC,1603946021
54,hobart,-42.88,147.33,62.6,39,20,11.41,AU,1603945719
55,saint george,37.1,-113.58,62.6,18,1,12.75,US,1603945723
56,barrow,71.29,-156.79,21.2,79,90,10.29,US,1603945656
57,hirara,24.8,125.28,82.4,65,20,14.99,JP,1603946021
58,glendive,47.11,-104.71,34.0,80,90,2.42,US,1603946021
59,jamestown,42.1,-79.24,42.01,100,1,3.36,US,1603945885
60,kortkeros,61.81,51.58,41.0,93,75,6.71,RU,1603945913
61,hoquiam,46.98,-123.89,54.0,93,90,4.7,US,1603946022
62,faanui,-16.48,-151.75,79.83,80,26,13.27,PF,1603945639
63,pangnirtung,66.15,-65.71,10.18,81,69,4.61,CA,1603945928
64,torbay,47.67,-52.73,32.0,90,75,3.36,CA,1603945887
65,shimoda,34.67,138.95,69.8,52,20,12.75,JP,1603945872
66,bathsheba,13.22,-59.52,77.0,94,75,20.8,BB,1603945703
67,cape town,-33.93,18.42,59.0,93,75,9.17,ZA,1603945869
68,cidreira,-30.18,-50.21,65.37,89,49,8.63,BR,1603945894
69,megion,61.03,76.11,3.2,84,0,4.47,RU,1603945925
70,japura,-0.32,102.35,95.67,48,99,1.68,ID,1603946022
71,leningradskiy,69.38,178.42,16.92,89,65,14.94,RU,1603945859
72,merauke,-8.47,140.33,84.96,66,40,12.66,ID,1603945901
73,moindou,-21.69,165.68,89.6,38,0,9.17,NC,1603946022
74,comodoro rivadavia,-45.87,-67.5,55.4,37,0,16.11,AR,1603945895
75,port elizabeth,-33.92,25.57,62.6,93,20,3.36,ZA,1603945896
76,bredasdorp,-34.53,20.04,62.6,67,100,6.93,ZA,1603946023
77,zhigansk,66.77,123.37,-5.84,90,13,3.33,RU,1603945894
78,rio claro,-22.41,-47.56,69.75,50,0,2.35,BR,1603946022
79,redmond,47.67,-122.12,55.0,93,40,2.37,US,1603945917
80,saint-leu,-21.15,55.28,77.0,65,20,18.34,RE,1603946023
81,ntcheu,-14.82,34.64,70.66,62,6,9.37,MW,1603946023
82,tuatapere,-46.13,167.68,66.0,64,16,4.0,NZ,1603945908
83,bilibino,68.05,166.44,-3.01,87,12,1.72,RU,1603945928
84,hambantota,6.12,81.12,83.37,69,92,6.64,LK,1603945717
85,camocim,-2.9,-40.84,76.24,87,9,12.08,BR,1603946023
86,pattao,18.25,121.82,83.01,83,100,7.4,PH,1603946024
87,tuktoyaktuk,69.45,-133.04,21.2,85,90,25.28,CA,1603945880
88,galesong,-5.32,119.37,87.78,62,8,10.54,ID,1603946024
89,asbestos,45.77,-71.93,43.0,86,90,10.29,CA,1603946024
90,berlevag,70.86,29.09,33.8,86,40,10.29,NO,1603945907
91,cabo san lucas,22.89,-109.91,73.99,49,40,8.05,MX,1603945894
92,mar del plata,-38.0,-57.56,51.01,81,0,8.05,AR,1603945889
93,durango,24.83,-104.83,54.48,61,0,5.59,MX,1603945731
94,klaksvik,62.23,-6.59,46.4,100,62,14.99,FO,1603945902
95,airai,-8.93,125.41,75.96,62,34,4.34,TL,1603945907
96,bethel,41.37,-73.41,48.0,93,1,3.4,US,1603945744
97,nhulunbuy,-12.23,136.77,87.8,55,40,19.46,AU,1603945955
98,muskogee,35.58,-95.33,44.6,100,90,9.17,US,1603946026
99,kodiak,57.79,-152.41,39.2,64,90,6.93,US,1603945886
100,vonyarcvashegy,46.76,17.31,42.8,100,90,4.7,HU,1603946027
101,ancud,-41.87,-73.82,43.0,86,20,4.7,CL,1603946013
102,victoria,22.29,114.16,79.0,70,96,3.0,HK,1603945926
103,pevek,69.7,170.31,18.64,94,100,14.83,RU,1603945878
104,new norfolk,-42.78,147.06,62.6,39,20,11.41,AU,1603945886
105,sitka,57.05,-135.33,41.0,86,40,5.82,US,1603945756
106,praia da vitoria,38.73,-27.07,68.0,100,40,22.35,PT,1603945742
107,hadishahr,38.84,45.66,44.6,65,20,6.93,AZ,1603946027
108,norman wells,65.28,-126.83,1.4,84,20,4.7,CA,1603945712
109,puerto ayora,-0.74,-90.35,68.05,90,69,8.05,EC,1603945900
110,maarianhamina,60.1,19.93,48.2,93,20,12.75,AX,1603946027
111,ponta do sol,32.67,-17.1,66.2,77,40,10.29,PT,1603945901
112,nikolskoye,59.7,30.79,46.99,93,0,4.47,RU,1603945940
113,katsuura,35.13,140.3,75.0,37,20,5.82,JP,1603945952
114,kemise,10.72,39.87,68.68,39,0,1.01,ET,1603946028
115,arraial do cabo,-22.97,-42.03,74.39,94,1,3.15,BR,1603945890
116,poltavka,54.37,71.76,33.42,96,100,12.12,RU,1603946028
117,cockburn town,21.46,-71.14,82.02,79,0,21.03,TC,1603945912
118,naze,28.37,129.48,78.8,65,75,8.05,JP,1603945882
119,severo-kurilsk,50.68,156.12,44.47,77,96,5.97,RU,1603945907
120,pundaguitan,6.37,126.17,82.65,71,84,4.34,PH,1603946028
121,marawi,8.0,124.29,84.0,74,56,5.01,PH,1603946028
122,khatanga,71.97,102.5,1.35,88,0,10.18,RU,1603945901
123,osecina,44.37,19.6,51.01,100,90,2.24,RS,1603946028
124,east london,-33.02,27.91,66.2,93,90,12.75,ZA,1603945896
125,biltine,14.53,20.92,79.02,22,0,14.56,TD,1603946029
126,huarmey,-10.07,-78.15,62.13,86,40,8.9,PE,1603946029
127,namtsy,62.72,129.67,8.6,71,0,6.71,RU,1603945900
128,techiman,7.59,-1.94,68.23,95,0,3.49,GH,1603946029
129,bahia honda,22.9,-83.16,76.93,89,76,5.41,CU,1603946029
130,nikki,9.94,3.21,71.58,40,0,0.69,BJ,1603946029
131,lebu,-37.62,-73.65,48.29,77,0,20.74,CL,1603945610
132,portland,45.52,-122.68,54.0,81,20,3.36,US,1603945686
133,saint-philippe,-21.36,55.77,77.0,65,20,18.34,RE,1603945713
134,dongying,37.46,118.49,65.48,26,93,2.59,CN,1603946029
135,askiz,53.13,90.53,34.36,76,97,18.07,RU,1603946032
136,cabadiangan,9.75,122.47,86.43,69,50,9.84,PH,1603946032
137,hithadhoo,-0.6,73.08,83.53,73,0,9.91,MV,1603945602
138,kawalu,-7.38,108.21,84.24,70,91,3.98,ID,1603946032
139,vanimo,-2.67,141.3,84.94,74,97,10.18,PG,1603946032
140,karratha,-20.74,116.85,86.36,45,1,13.78,AU,1603945893
141,saldanha,-33.01,17.94,59.0,87,77,3.36,ZA,1603945604
142,adrar,20.5,-10.07,74.52,20,0,9.31,MR,1603945919
143,halifax,44.65,-63.57,39.2,86,79,2.24,CA,1603945802
144,severnoye,56.35,78.36,21.52,91,0,8.66,RU,1603946032
145,simao,22.79,100.97,78.82,50,100,3.0,CN,1603946032
146,manoel urbano,-8.84,-69.26,75.69,81,60,2.24,BR,1603946032
147,carutapera,-1.2,-46.02,76.86,88,91,6.24,BR,1603945934
148,the pas,53.83,-101.25,15.8,85,90,3.36,CA,1603945995
149,iqaluit,63.75,-68.51,17.6,61,90,11.41,CA,1603945769
150,quatre cocos,-20.21,57.76,79.0,54,46,8.99,MU,1603945887
151,hami,42.8,93.45,53.17,36,98,0.4,CN,1603945679
152,ak-dovurak,51.18,90.6,35.11,76,100,0.94,RU,1603946033
153,ribeira grande,38.52,-28.7,68.67,87,84,22.08,PT,1603945705
154,geraldton,-28.77,114.6,96.8,15,0,11.41,AU,1603945853
155,san quintin,30.48,-115.95,61.18,54,0,3.44,MX,1603945942
156,hohhot,40.81,111.65,50.0,19,0,4.47,CN,1603945783
157,road town,18.42,-64.62,78.8,83,1,3.36,VG,1603946033
158,yar-sale,66.83,70.83,11.16,95,100,20.69,RU,1603946033
159,aklavik,68.22,-135.01,21.2,62,84,11.41,CA,1603945927
160,shache,38.42,77.24,58.42,31,100,7.99,CN,1603946034
161,olafsvik,64.89,-23.71,42.78,69,88,30.0,IS,1603945911
162,jovellar,13.07,123.6,87.91,62,61,3.6,PH,1603946034
163,lazaro cardenas,17.96,-102.2,78.55,87,3,3.76,MX,1603945647
164,danielskuil,-28.19,23.54,64.0,47,95,12.68,ZA,1603946034
165,coruripe,-10.13,-36.18,74.5,83,62,11.34,BR,1603946034
166,san cristobal,7.77,-72.22,66.96,85,96,1.61,VE,1603945899
167,kaitangata,-46.28,169.85,53.01,86,92,13.0,NZ,1603945768
168,flinders,-34.58,150.86,70.0,73,85,1.01,AU,1603945628
169,hofn,64.25,-15.21,44.22,83,97,23.67,IS,1603945638
170,beringovskiy,63.05,179.32,26.33,88,7,10.69,RU,1603945916
171,padang,-0.95,100.35,86.2,59,98,5.37,ID,1603945901
172,gladstone,-23.85,151.25,89.6,25,0,11.41,AU,1603946035
173,emerald,-23.53,148.17,88.0,10,0,11.41,AU,1603946035
174,bambous virieux,-20.34,57.76,79.0,53,49,8.99,MU,1603945724
175,saskylakh,71.92,114.08,0.09,89,62,5.99,RU,1603945900
176,saint-paul,-21.01,55.27,77.0,61,20,19.46,RE,1603946035
177,ranong,9.97,98.63,81.05,78,100,12.41,TH,1603946035
178,haines junction,60.75,-137.51,26.6,86,97,2.19,CA,1603945908
179,thap than,15.46,99.89,73.27,94,100,6.58,TH,1603946035
180,acapulco,16.86,-99.89,79.9,82,71,4.68,MX,1603945698
181,sao filipe,14.9,-24.5,79.0,79,3,1.66,CV,1603945754
182,evensk,61.95,159.23,25.5,80,0,5.77,RU,1603945894
183,provideniya,64.38,-173.3,26.6,63,0,2.24,RU,1603945864
184,dekar,-21.53,21.93,75.09,22,48,12.88,BW,1603946037
185,edson,53.58,-116.44,33.8,94,90,3.65,CA,1603946038
186,esperance,-33.87,121.9,66.2,55,0,17.22,AU,1603945928
187,mahebourg,-20.41,57.7,79.0,54,61,8.99,MU,1603945906
188,kieta,-6.22,155.63,83.44,72,100,0.87,PG,1603946009
189,yerbogachen,61.28,108.01,17.67,90,100,13.33,RU,1603945919
190,hasaki,35.73,140.83,75.0,43,20,4.7,JP,1603945923
191,touros,-5.2,-35.46,77.0,83,40,6.93,BR,1603945994
192,bueno brandao,-22.44,-46.35,61.83,56,0,1.25,BR,1603946038
193,ciudad bolivar,8.12,-63.55,79.11,81,2,6.08,VE,1603945887
194,kruisfontein,-34.0,24.73,62.01,92,100,1.01,ZA,1603946038
195,landeck,47.13,10.56,46.0,86,5,6.93,AT,1603946038
196,pontes e lacerda,-15.23,-59.34,74.95,85,100,2.06,BR,1603946038
197,husavik,66.04,-17.34,41.0,75,20,13.87,IS,1603946038
198,nouadhibou,20.93,-17.03,68.0,68,100,20.8,MR,1603946039
199,jos,9.92,8.9,64.17,39,17,2.98,NG,1603946039
200,angoche,-16.23,39.91,80.11,67,0,5.17,MZ,1603946039
201,gamboma,-1.88,15.86,70.79,94,100,3.38,CG,1603946039
202,vestmannaeyjar,63.44,-20.27,46.76,83,76,44.58,IS,1603945934
203,poum,-20.23,164.02,77.49,74,12,15.7,NC,1603946029
204,okhotsk,59.38,143.3,29.32,95,99,7.96,RU,1603945937
205,ossora,59.24,163.07,33.24,92,64,3.4,RU,1603946039
206,peniche,39.36,-9.38,59.0,89,0,7.05,PT,1603946039
207,zhovtneve,50.66,24.25,47.05,90,100,3.96,UA,1603946039
208,thinadhoo,0.53,72.93,83.62,75,19,11.27,MV,1603945863
209,teya,60.38,92.63,19.56,93,100,11.36,RU,1603946040
210,nishihara,26.18,127.76,82.4,44,40,9.17,JP,1603946040
211,matagami,49.75,-77.63,24.8,92,90,10.29,CA,1603945747
212,dubna,56.73,37.17,39.99,93,53,7.34,RU,1603946040
213,abnub,27.27,31.15,68.0,88,0,9.17,EG,1603946040
214,buchanan,5.88,-10.05,76.82,85,56,2.51,LR,1603945840
215,isangel,-19.55,169.27,82.4,61,75,11.41,VU,1603945894
216,okha,53.57,142.95,41.88,76,20,8.23,RU,1603946040
217,muromtsevo,56.37,75.24,25.97,95,43,6.91,RU,1603946040
218,saint-pierre,-21.34,55.48,77.0,65,20,18.34,RE,1603946040
219,scotts valley,37.05,-122.01,57.0,36,0,1.43,US,1603946040
220,goderich,43.75,-81.72,48.2,57,100,9.17,CA,1603945914
221,fortuna,40.6,-124.16,50.0,81,1,6.93,US,1603945705
222,jiujiang,29.73,115.98,71.74,57,67,8.79,CN,1603946040
223,dikson,73.51,80.55,2.89,88,5,19.19,RU,1603945685
224,abu zabad,12.35,29.25,78.24,29,0,10.02,SD,1603946041
225,san patricio,28.02,-97.52,51.01,71,1,0.47,US,1603945887
226,oudtshoorn,-33.59,22.2,59.0,93,20,5.82,ZA,1603946043
227,brae,60.4,-1.35,50.0,87,78,8.05,GB,1603945899
228,te anau,-45.42,167.72,65.82,70,36,2.26,NZ,1603945865
229,gari,59.43,62.35,35.29,87,100,11.61,RU,1603946043
230,coahuayana,18.73,-103.68,77.43,87,38,1.97,MX,1603945920
231,nantucket,41.28,-70.1,50.0,80,40,4.7,US,1603946001
232,plettenberg bay,-34.05,23.37,61.83,84,100,2.73,ZA,1603946043
233,nouna,12.73,-3.87,71.78,21,24,1.99,BF,1603946043
234,santa catarina de tepehuanes,25.35,-105.73,50.13,68,0,4.12,MX,1603946043
235,palmer,42.16,-72.33,48.0,100,90,3.36,US,1603945934
236,caxito,-8.58,13.66,73.4,94,75,6.93,AO,1603946044
237,kushmurun,52.45,64.63,34.0,86,17,8.01,KZ,1603946044
238,soderhamn,61.3,17.06,46.0,88,49,5.01,SE,1603946044
239,west wendover,40.74,-114.07,37.4,44,1,4.7,US,1603946044
240,grand-santi,4.25,-54.38,75.9,81,34,2.75,GF,1603945663
241,ostrovnoy,68.05,39.51,40.44,90,100,19.93,RU,1603945895
242,okakarara,-20.58,17.43,71.51,44,87,4.23,NA,1603946044
243,gorgan,36.84,54.43,57.2,93,0,2.46,IR,1603946044
244,lompoc,34.64,-120.46,53.6,58,1,5.73,US,1603945886
245,arroyo grande,35.12,-120.59,57.99,93,1,3.36,US,1603945786
246,dingle,11.0,122.67,85.62,78,21,8.81,PH,1603945601
247,carnarvon,-24.87,113.63,75.2,69,25,9.17,AU,1603945615
248,ponta delgada,37.73,-25.67,68.0,82,75,12.75,PT,1603946045
249,calvia,39.57,2.51,54.0,87,0,4.7,ES,1603946045
250,gat,31.61,34.76,71.01,100,68,1.01,IL,1603946043
251,katobu,-4.94,122.53,92.14,48,27,6.96,ID,1603946045
252,balkanabat,39.51,54.37,60.64,29,100,19.46,TM,1603946045
253,general roca,-39.03,-67.58,55.4,50,0,8.05,AR,1603946045
254,sabha,27.04,14.43,59.74,50,0,12.19,LY,1603946045
255,sistranda,63.73,8.83,42.8,87,0,8.05,NO,1603946045
256,udalguri,26.77,92.13,81.3,65,0,4.27,IN,1603946045
257,atar,20.52,-13.05,76.14,25,43,7.99,MR,1603946045
258,saint-francois,46.42,3.91,53.6,81,100,3.36,FR,1603946045
259,oyama,36.3,139.8,78.01,43,20,3.36,JP,1603946046
260,leshukonskoye,64.9,45.76,36.75,94,46,7.52,RU,1603945985
261,aitape,-3.14,142.35,84.49,76,88,7.9,PG,1603945832
262,aksu,41.12,80.26,55.87,34,100,1.05,CN,1603946046
263,oulainen,64.27,24.8,45.0,91,80,11.01,FI,1603946046
264,brigantine,39.41,-74.36,60.8,77,90,7.96,US,1603946046
265,moyo,3.66,31.72,69.46,94,60,2.21,UG,1603946046
266,kouqian,43.64,126.46,42.62,56,0,7.31,CN,1603946046
267,arona,28.1,-16.68,70.0,60,75,11.41,ES,1603946046
268,jiangyou,31.77,104.72,65.3,53,3,5.3,CN,1603946046
269,vieques,18.43,-65.83,80.6,88,40,3.36,PR,1603946046
270,bakchar,57.02,82.07,18.28,92,100,8.75,RU,1603946047
271,dakar,14.69,-17.44,80.6,83,0,6.93,SN,1603946047
272,coquimbo,-29.95,-71.34,53.6,81,0,4.7,CL,1603945778
273,whitecourt,54.15,-115.69,33.8,80,75,3.36,CA,1603946049
274,najran,17.49,44.13,59.0,33,0,4.7,SA,1603946006
275,ko samui,9.54,99.94,81.63,79,100,19.82,TH,1603946049
276,muros,42.78,-9.06,55.99,94,58,6.71,ES,1603946049
277,patitirion,39.15,23.87,62.6,77,40,3.36,GR,1603946028
278,bonavista,48.65,-53.11,28.99,86,97,5.82,CA,1603945902
279,lasa,46.62,10.7,43.0,86,5,6.93,IT,1603945907
280,lavrentiya,65.58,-171.0,26.1,88,100,5.95,RU,1603945899
281,ixtapa,20.7,-105.2,80.6,78,75,2.44,MX,1603945886
282,necochea,-38.55,-58.74,51.01,78,19,17.0,AR,1603945863
283,caravelas,-17.71,-39.25,77.32,86,100,12.1,BR,1603946022
284,havelock,34.88,-76.9,71.01,93,75,6.58,US,1603945928
285,kerema,-7.96,145.78,79.34,83,94,7.31,PG,1603946050
286,petropavlovsk-kamchatskiy,53.05,158.65,44.6,70,20,6.71,RU,1603945934
287,campbell river,50.02,-125.24,50.0,100,90,2.24,CA,1603946050
288,autazes,-3.58,-59.13,77.49,87,69,1.05,BR,1603946050
289,takestan,36.07,49.7,50.0,34,52,2.24,IR,1603946050
290,skjervoy,70.03,20.97,39.9,86,55,8.95,NO,1603946050
291,gouyave,12.16,-61.73,86.0,70,75,23.04,GD,1603946050
292,lamu,-2.27,40.9,80.6,78,75,6.93,KE,1603946050
293,natal,-5.79,-35.21,78.8,74,40,9.17,BR,1603945999
294,noumea,-22.28,166.46,89.6,38,0,9.17,NC,1603945986
295,gisborne,-38.65,178.0,62.01,80,100,1.99,NZ,1603945794
296,westport,41.14,-73.36,52.0,93,1,6.11,US,1603945804
297,kupang,-10.17,123.58,89.42,56,4,4.59,ID,1603946051
298,cap malheureux,-19.98,57.61,79.0,54,52,8.99,MU,1603945865
299,ketchikan,55.34,-131.65,41.0,100,1,1.83,US,1603946051
300,antofagasta,-23.65,-70.4,57.2,82,75,4.7,CL,1603945862
301,basco,20.45,121.97,81.07,84,43,22.59,PH,1603945920
302,ilulissat,69.22,-51.1,17.6,52,100,8.05,GL,1603945880
303,hay river,60.82,-115.8,21.2,85,59,5.82,CA,1603945915
304,lodja,-3.48,23.43,69.89,97,88,3.47,CD,1603946051
305,esmeraldas,-19.76,-44.31,71.6,78,0,1.12,BR,1603945883
306,los llanos de aridane,28.66,-17.92,69.8,73,75,11.41,ES,1603946051
307,sokolo,14.73,-6.12,75.83,19,0,4.72,ML,1603946052
308,dalupaon,13.55,122.95,86.76,67,60,11.88,PH,1603946052
309,soloma,15.72,-91.45,53.02,98,93,0.38,GT,1603946052
310,inta,66.03,60.17,36.73,98,100,14.05,RU,1603946052
311,nanakuli,21.39,-158.15,80.01,74,90,3.36,US,1603946052
312,souillac,-20.52,57.52,79.0,53,85,8.99,MU,1603945673
313,hervey bay,-25.3,152.85,86.0,48,75,17.22,AU,1603945901
314,tyrma,50.08,132.17,39.33,72,79,7.47,RU,1603946052
315,bengkulu,-3.8,102.27,84.02,65,99,4.85,ID,1603945684
316,kaman,27.65,77.27,83.46,15,0,3.11,IN,1603946054
317,boguchany,58.38,97.45,35.69,81,84,12.24,RU,1603946055
318,chitrakonda,18.12,82.08,81.48,56,20,2.89,IN,1603946055
319,balad,34.02,44.15,76.21,17,19,6.58,IQ,1603946055
320,havre-saint-pierre,50.23,-63.6,30.2,68,90,4.7,CA,1603945929
321,istok,42.78,20.49,46.0,93,75,1.61,XK,1603946055
322,kurumkan,54.3,110.3,36.43,76,100,2.51,RU,1603946055
323,ratnagiri,16.98,73.3,85.48,61,58,4.74,IN,1603946055
324,tromso,69.65,18.96,33.8,86,40,11.41,NO,1603946031
325,salalah,17.02,54.09,80.6,65,20,2.24,OM,1603945682
326,oktyabrskiy,54.48,53.47,32.81,88,82,8.81,RU,1603945910
327,deputatskiy,69.3,139.9,-0.74,91,96,1.39,RU,1603946055
328,bilma,18.69,12.92,66.99,23,0,6.62,NE,1603945940
329,longyearbyen,78.22,15.64,24.8,68,75,14.99,SJ,1603945906
330,sao felix do xingu,-6.64,-51.99,74.08,87,90,0.96,BR,1603945914
331,uitenhage,-33.76,25.4,62.6,93,20,3.36,ZA,1603946056
332,moranbah,-22.0,148.05,89.78,11,0,12.5,AU,1603945882
333,coihaique,-45.58,-72.07,39.2,85,0,3.36,CL,1603946056
334,dunedin,-45.87,170.5,52.0,86,100,1.01,NZ,1603945733
335,mareeba,-17.0,145.43,88.0,66,18,12.75,AU,1603946007
336,bassano,50.78,-112.47,32.0,100,98,8.05,CA,1603946056
337,bubaque,11.28,-15.83,82.85,73,59,7.2,GW,1603946056
338,zhezkazgan,47.8,67.71,35.29,75,66,6.38,KZ,1603946056
339,constitucion,-35.33,-72.42,49.84,72,0,8.28,CL,1603945892
340,alyangula,-13.85,136.42,95.0,30,3,8.05,AU,1603946056
341,sao gabriel da cachoeira,-0.13,-67.09,75.16,90,96,1.77,BR,1603945947
342,misratah,32.38,15.09,68.31,61,25,14.5,LY,1603946057
343,aykhal,66.0,111.5,-0.18,88,15,3.58,RU,1603946057
344,quimper,48.0,-4.1,55.4,93,75,9.17,FR,1603945823
345,nsanje,-16.92,35.26,77.09,63,0,5.57,MW,1603946057
346,preili,56.29,26.72,49.21,95,69,6.62,LV,1603946057
347,port hardy,50.7,-127.42,50.0,100,90,8.05,CA,1603945679
348,talnakh,69.49,88.4,1.06,73,1,4.85,RU,1603945739
349,veraval,20.9,70.37,83.41,44,0,5.19,IN,1603945941
350,namibe,-15.2,12.15,69.06,84,23,3.87,AO,1603945882
351,beruwala,6.48,79.98,84.31,67,50,6.08,LK,1603946057
352,chokurdakh,70.63,147.92,-3.17,91,52,7.07,RU,1603945877
353,samarai,-10.62,150.67,82.47,76,93,8.5,PG,1603945869
354,itarema,-2.92,-39.92,78.87,77,33,13.33,BR,1603945892
355,mehnagar,25.88,83.12,77.0,61,0,4.7,IN,1603946058
356,champerico,14.3,-91.92,69.01,96,100,6.4,GT,1603946028
357,slobodskoy,58.73,50.18,33.04,94,100,7.63,RU,1603946058
358,usinsk,65.99,57.53,37.78,98,100,18.01,RU,1603945929
359,bullhead city,35.15,-114.57,68.0,19,1,1.86,US,1603945909
360,xiaoweizhai,26.19,107.51,58.95,66,97,3.31,CN,1603946058
361,korgen,66.08,13.82,37.0,91,84,0.43,NO,1603946058
362,reinosa,43.0,-4.14,54.0,95,61,4.0,ES,1603946059
363,tezu,27.92,96.17,86.11,36,0,2.93,IN,1603946059
364,garoua boulai,5.88,14.55,62.8,90,86,1.28,CM,1603946061
365,vila franca do campo,37.72,-25.43,68.0,82,75,12.75,PT,1603945915
366,viedma,-40.81,-63.0,45.19,58,0,6.69,AR,1603945826
367,caibarien,22.52,-79.47,77.0,94,40,4.7,CU,1603946061
368,vardo,70.37,31.11,37.4,86,75,14.99,NO,1603945793
369,ginir,7.13,40.7,62.1,61,8,3.4,ET,1603946062
370,saint-augustin,51.23,-58.65,27.01,86,89,8.88,CA,1603945831
371,woodward,36.43,-99.39,36.0,98,90,9.17,US,1603946062
372,pasighat,28.07,95.33,85.28,38,0,2.93,IN,1603946062
373,asmar,35.03,71.36,67.77,24,0,3.78,AF,1603946062
374,yumen,40.28,97.2,55.45,35,27,18.5,CN,1603946062
375,blackwater,-23.58,148.88,86.02,14,0,8.59,AU,1603946062
376,kavieng,-2.57,150.8,84.76,68,32,7.4,PG,1603945922
377,alice springs,-23.7,133.88,96.8,5,0,17.22,AU,1603945806
378,deep river,46.1,-77.5,42.8,98,90,8.05,CA,1603946062
379,tiznit,29.58,-9.5,67.8,32,83,8.7,MA,1603946062
380,arrifes,37.77,-25.7,68.0,82,75,12.75,PT,1603946062
381,jinka,5.65,36.65,67.44,83,0,3.53,ET,1603946063
382,atasu,48.68,71.64,31.51,89,100,10.04,KZ,1603946063
383,camanducaia,-22.76,-46.14,68.0,68,0,2.24,BR,1603946063
384,tocopilla,-22.09,-70.2,59.4,55,17,2.3,CL,1603945923
385,muli,2.92,73.57,83.21,74,75,10.6,MV,1603946063
386,berdigestyakh,62.1,126.7,8.67,89,27,4.47,RU,1603945986
387,tavda,58.04,65.27,34.38,86,95,11.03,RU,1603946063
388,cabanas,22.98,-82.92,77.0,100,20,6.93,CU,1603946063
389,kenai,60.55,-151.26,28.0,79,1,5.82,US,1603946063
390,marfino,55.7,37.38,39.0,100,40,4.47,RU,1603946063
391,lujan,-34.57,-59.1,51.01,93,0,3.0,AR,1603946063
392,esil,51.96,66.4,36.95,76,46,10.31,KZ,1603946063
393,altay,47.87,88.12,36.09,76,100,5.14,CN,1603945812
394,moose factory,51.26,-80.61,24.8,79,90,11.41,CA,1603945883
395,mehamn,71.04,27.85,33.8,86,40,10.29,NO,1603945887
396,acarau,-2.89,-40.12,77.79,82,22,12.57,BR,1603946064
397,santa cruz de la palma,28.68,-17.76,69.8,73,75,11.41,ES,1603946064
398,pangai,-19.8,-174.35,75.2,73,20,14.99,TO,1603945918
399,solwezi,-12.17,26.39,68.23,55,70,5.61,ZM,1603946064
400,ajdabiya,30.76,20.23,65.68,73,8,3.29,LY,1603945819
401,udachnyy,66.42,112.4,-4.29,89,0,2.17,RU,1603945650
402,santa barbara,34.73,-120.03,59.0,33,1,4.99,US,1603945921
403,riesa,51.3,13.3,54.0,76,40,13.87,DE,1603946064
404,erdenet,49.03,104.08,42.71,53,51,2.89,MN,1603946064
405,union,40.63,-74.27,55.99,87,40,4.88,US,1603946064
406,russell,32.35,-85.2,77.0,78,90,11.41,US,1603946065
407,neiafu,-18.65,-173.98,77.0,65,40,9.17,TO,1603946065
408,aswan,24.09,32.91,79.05,24,0,7.92,EG,1603945952
409,karkal,13.2,74.98,78.8,88,40,5.82,IN,1603946065
410,camargo,27.67,-105.17,51.28,40,0,6.89,MX,1603946067
411,valdivia,-39.81,-73.25,39.2,93,4,3.02,CL,1603946021
412,naryan-mar,67.67,53.09,38.23,94,100,15.12,RU,1603946067
413,chuka,-0.33,37.65,63.59,87,96,3.06,KE,1603946067
414,harper,4.38,-7.72,77.29,88,98,5.64,LR,1603945875
415,kanniyakumari,8.08,77.57,84.0,64,6,2.01,IN,1603945902
416,omura,32.92,129.95,71.6,49,20,9.17,JP,1603946048
417,moussoro,13.64,16.49,79.84,19,0,11.21,TD,1603946067
418,lakes entrance,-37.88,147.98,72.0,59,4,3.0,AU,1603945938
419,rakiv lis,51.62,24.92,46.09,95,100,5.59,UA,1603946068
420,pacific grove,36.62,-121.92,55.0,46,1,4.7,US,1603945774
421,yeppoon,-23.13,150.73,87.8,20,0,9.17,AU,1603945974
422,sambava,-14.27,50.17,77.43,76,14,11.25,MG,1603945954
423,itaituba,-4.28,-55.98,75.88,89,90,0.89,BR,1603946068
424,verkhnevilyuysk,63.45,120.32,5.7,86,12,3.04,RU,1603945935
425,bay city,43.59,-83.89,43.0,56,1,4.7,US,1603946068
426,yining,29.04,114.56,68.99,61,54,4.72,CN,1603945836
427,havoysund,71.0,24.66,35.6,93,75,12.75,NO,1603945942
428,ransang,8.96,117.58,87.75,57,26,5.53,PH,1603946068
429,peterhead,57.51,-1.8,39.2,86,39,3.36,GB,1603946068
430,ganzhou,28.82,115.43,72.48,57,47,5.88,CN,1603946068
431,lata,40.16,-8.33,55.0,93,90,3.36,PT,1603945916
432,rocha,-34.48,-54.33,53.29,78,44,11.07,UY,1603945921
433,buala,-8.14,159.59,78.57,86,100,0.85,SB,1603945907
434,mosquera,4.71,-74.23,53.6,87,40,3.36,CO,1603945788
435,charters towers,-20.1,146.27,87.91,13,0,7.38,AU,1603945713
436,portree,57.41,-6.19,45.0,87,34,5.99,GB,1603946069
437,keti bandar,24.14,67.45,83.66,40,0,4.88,PK,1603946069
438,rio cuarto,-33.13,-64.35,46.99,67,0,5.01,AR,1603946069
439,tomohon,1.33,124.84,79.25,67,98,1.39,ID,1603946069
440,nechi,8.09,-74.78,74.86,97,100,2.15,CO,1603946069
441,phuket,8.0,98.25,82.99,83,40,16.11,TH,1603946069
442,kelowna,49.88,-119.49,44.6,70,90,8.05,CA,1603946027
443,laguna,38.42,-121.42,57.99,58,1,1.77,US,1603945761
444,san fernando,15.03,120.69,89.6,62,75,9.17,PH,1603946070
445,namatanai,-3.67,152.43,85.41,67,63,2.26,PG,1603946070
446,qui nhon,13.77,109.23,83.28,73,12,6.53,VN,1603946070
447,estelle,29.85,-90.11,75.99,100,90,13.87,US,1603945960
448,corrales,35.24,-106.61,37.99,76,2,1.01,US,1603946070
449,samarkand,39.65,66.96,42.8,38,8,13.87,UZ,1603946070
450,nanortalik,60.14,-45.24,31.69,96,100,4.72,GL,1603945895
451,mnogovershinnyy,53.94,139.92,36.09,83,25,2.46,RU,1603946070
452,veracruz,19.33,-96.67,82.0,88,40,2.24,MX,1603945944
453,llanes,43.42,-4.75,57.99,68,72,6.17,ES,1603946070
454,maniitsoq,65.42,-52.9,22.08,82,79,3.36,GL,1603946004
455,eureka,40.8,-124.16,50.0,81,1,4.7,US,1603945952
456,bantry,51.68,-9.45,51.8,100,75,23.04,IE,1603946070
457,iralaya,15.0,-83.23,80.55,87,0,8.5,HN,1603945806
458,pedro ii,-4.42,-41.46,69.58,94,85,1.79,BR,1603946073
459,roald,62.58,6.13,44.6,93,100,2.24,NO,1603946073
460,greenwood,34.17,-82.12,71.6,94,75,10.29,US,1603946073
461,santiago de cuba,20.02,-75.82,78.8,83,20,3.36,CU,1603946073
462,toktogul,41.87,72.94,42.15,59,1,1.54,KG,1603946073
463,kamskiye polyany,55.43,51.42,28.4,86,0,11.18,RU,1603946073
464,sioux lookout,50.1,-91.92,21.2,67,90,9.17,CA,1603946073
465,mudanjiang,44.58,129.6,41.97,58,1,13.89,CN,1603946073
466,miandrivazo,-19.52,45.47,86.77,39,0,7.36,MG,1603946073
467,northam,51.03,-4.22,54.0,93,100,14.0,GB,1603946002
468,krasyliv,49.65,26.97,48.11,93,96,3.83,UA,1603946073
469,rawson,-43.3,-65.1,47.35,52,0,7.67,AR,1603945930
470,stornoway,58.21,-6.39,44.6,93,20,6.93,GB,1603946074
471,qandala,11.47,49.87,81.52,69,2,2.71,SO,1603946074
472,shieli,44.17,66.75,40.82,62,25,4.23,KZ,1603945941
473,behbahan,30.6,50.24,62.6,33,0,2.24,IR,1603946074
474,camacha,33.08,-16.33,66.2,72,40,5.82,PT,1603945940
475,hualmay,-11.1,-77.61,61.88,86,37,9.57,PE,1603945941
476,mo i rana,66.31,14.14,37.0,91,41,0.87,NO,1603946074
477,guerrero negro,27.98,-114.06,64.38,59,1,7.99,MX,1603946074
478,longonjo,-12.91,15.25,61.65,85,37,0.18,AO,1603946074
479,christchurch,-43.53,172.63,55.99,87,100,13.87,NZ,1603945978
480,sao joao da barra,-21.64,-41.05,75.33,93,0,13.24,BR,1603945910
481,luderitz,-26.65,15.16,62.22,53,100,12.44,NA,1603945660
482,capreol,46.71,-80.92,37.0,98,90,5.82,CA,1603946074
483,ust-kuyga,70.02,135.6,-6.02,89,40,3.22,RU,1603945921
484,bulgan,48.81,103.53,44.6,50,74,3.22,MN,1603946075
485,bandarbeyla,9.49,50.81,80.56,68,0,3.44,SO,1603945887
486,yarada,17.65,83.27,85.39,48,10,9.35,IN,1603946075
487,uvira,-3.41,29.15,76.32,62,99,4.54,CD,1603946075
488,fort nelson,58.81,-122.7,28.4,92,90,5.82,CA,1603945958
489,abu samrah,35.3,37.18,68.23,66,89,2.48,SY,1603946075
490,bakaly,55.18,53.8,32.47,90,36,10.67,RU,1603946075
491,satana,20.58,74.2,80.82,40,1,5.14,IN,1603946075
492,kalmunai,7.42,81.82,88.38,54,53,5.7,LK,1603945958
493,port blair,11.67,92.75,84.61,68,71,4.38,IN,1603945979
494,lodeynoye pole,60.73,33.55,48.29,95,100,7.02,RU,1603946075
495,weatherford,32.76,-97.8,39.99,90,0,11.32,US,1603945987
496,port lincoln,-34.73,135.87,58.42,70,82,24.2,AU,1603946076
497,sur,22.57,59.53,80.55,41,0,3.18,OM,1603946076
498,talcahuano,-36.72,-73.12,50.0,81,0,9.17,CL,1603946076
499,clyde river,70.47,-68.59,17.6,85,90,20.8,CA,1603946076
500,wahlern,46.83,7.35,51.8,76,75,8.05,CH,1603946076
501,middelburg,-25.78,29.46,69.12,31,0,12.26,ZA,1603946076
502,sharjah,25.36,55.4,77.0,64,0,3.36,AE,1603946076
503,kedrovyy,56.17,91.82,30.2,58,40,22.37,RU,1603945879
504,la quinta,33.66,-116.31,64.0,54,1,3.36,US,1603946078
505,jinchang,38.5,102.17,55.72,34,0,7.7,CN,1603945900
506,sibolga,1.74,98.78,86.68,59,100,5.84,ID,1603946078
507,pokosnoye,55.53,101.05,37.62,73,66,10.78,RU,1603946078
508,tazovskiy,67.47,78.7,-2.72,89,0,8.48,RU,1603945874
509,mount isa,-20.73,139.5,91.4,6,0,9.17,AU,1603945912
510,shakhtinsk,49.71,72.59,26.6,79,75,13.42,KZ,1603946079
511,kaka,37.35,59.61,49.87,41,9,10.25,TM,1603945941
512,guayata,4.96,-73.49,62.49,79,100,3.42,CO,1603946079
513,nipawin,53.37,-104.0,26.6,86,90,9.17,CA,1603946079
514,rosarito,32.33,-117.03,66.2,82,5,5.97,MX,1603946079
515,pandan,14.05,124.17,83.14,81,39,9.93,PH,1603946079
516,stromness,58.97,-3.3,46.4,81,80,14.99,GB,1603946079
517,cedar city,37.68,-113.06,37.4,40,1,3.31,US,1603946079
518,jijiga,9.35,42.8,67.1,24,0,5.26,ET,1603946079
519,kemijarvi,66.71,27.43,43.79,85,99,15.46,FI,1603946079
520,sulzbach-rosenberg,49.5,11.75,48.99,93,90,4.7,DE,1603946079
521,san antonio,29.42,-98.49,51.01,75,1,6.02,US,1603946015
522,saint-joseph,-21.37,55.62,77.0,65,20,18.34,RE,1603945724
523,altamira,-3.2,-52.21,74.79,93,68,1.25,BR,1603945815
524,wenling,28.37,121.36,73.0,69,100,3.0,CN,1603946080
525,gravdal,68.12,13.5,33.8,100,0,3.36,NO,1603946080
526,half moon bay,37.46,-122.43,60.8,51,5,3.36,US,1603946080
527,eustis,28.85,-81.69,78.8,88,1,9.17,US,1603946080
528,whitehorse,60.72,-135.05,25.0,85,75,4.7,CA,1603945869
529,ouro preto do oeste,-10.75,-62.22,76.21,77,100,4.07,BR,1603945889
530,talmenka,53.82,83.57,23.0,73,40,20.13,RU,1603946080
531,asau,46.43,26.4,46.99,94,24,4.9,RO,1603945893
532,tres arroyos,-38.37,-60.28,44.22,83,9,11.59,AR,1603946081
533,xenia,39.68,-83.93,50.0,100,90,5.06,US,1603945822
534,mildura,-34.2,142.15,75.2,29,75,6.93,AU,1603946081
535,qasigiannguit,68.82,-51.19,17.6,52,100,8.05,GL,1603946081
536,schoningen,52.14,10.97,48.99,90,94,5.01,DE,1603946081
537,nchelenge,-9.35,28.73,75.83,54,100,4.5,ZM,1603946081
538,hastings,50.86,0.57,52.0,72,85,4.0,GB,1603945805
539,cabedelo,-6.98,-34.83,77.0,83,40,5.82,BR,1603945930
540,broome,42.25,-75.83,43.0,93,1,5.82,US,1603945779
541,maraba,-5.37,-49.12,75.79,84,93,2.17,BR,1603946081
542,tual,-5.67,132.75,82.72,71,87,3.98,ID,1603945874
543,ust-kulom,61.69,53.69,39.69,93,93,9.57,RU,1603945842
544,vostok,46.49,135.88,29.28,100,100,12.21,RU,1603945896
545,port hedland,-20.32,118.57,86.0,55,0,12.75,AU,1603945752
546,arman,59.7,150.17,31.96,87,100,1.36,RU,1603946082
547,velykyy burluk,50.04,37.4,38.52,74,0,10.45,UA,1603946082
548,kyakhta,50.35,106.45,41.13,60,80,4.83,RU,1603946082
549,taganak,6.08,118.3,84.2,79,20,3.36,PH,1603946082
550,anadyr,64.75,177.48,10.4,85,40,6.71,RU,1603945914
551,rincon,32.3,-81.24,78.8,83,75,11.41,US,1603945876
